lifestyle/aurora-camp-lantern-600	https://export-download.canva.com/x6KWs/DAHWnSx6KWs/-1/0/0035-4378016324453124040.jpg?X-Amz-Algorithm=AWS4-HMAC-SHA256&X-Amz-Credential=AKIAQYCGKMUH5AO7UJ26%2F20260929%2Fus-east-1%2Fs3%2Faws4_request&X-Amz-Date=20260929T102957Z&X-Amz-Expires=76091&X-Amz-Signature=20115853a7d94a1c34ee191d966607c8b913c1a3b7e27de17109eac677d1de44&X-Amz-SignedHeaders=host%3Bx-amz-expected-bucket-owner&response-expires=Wed%2C%2030%20Sep%202026%2007%3A38%3A08%20GMT
lifestyle/northbeam-tactical-x9	https://export-download.canva.com/x6KWs/DAHWnSx6KWs/-1/0/0036-4378016324453124040.jpg?X-Amz-Algorithm=AWS4-HMAC-SHA256&X-Amz-Credential=AKIAQYCGKMUH5AO7UJ26%2F20260929%2Fus-east-1%2Fs3%2Faws4_request&X-Amz-Date=20260929T190454Z&X-Amz-Expires=47102&X-Amz-Signature=4ad601c0b5b5cbe9c7c0faf5964f17294af1499f1299663b0c7a1906f7eebc3a&X-Amz-SignedHeaders=host%3Bx-amz-expected-bucket-owner&response-expires=Wed%2C%2030%20Sep%202026%2008%3A09%3A56%20GMT
lifestyle/trailkit-headlamp-ht3	https://export-download.canva.com/x6KWs/DAHWnSx6KWs/-1/0/0037-4378016324453124040.jpg?X-Amz-Algorithm=AWS4-HMAC-SHA256&X-Amz-Credential=AKIAQYCGKMUH5AO7UJ26%2F20260929%2Fus-east-1%2Fs3%2Faws4_request&X-Amz-Date=20260929T132003Z&X-Amz-Expires=65836&X-Amz-Signature=eb2dbac80c8d10e6220612e8493b2019ecf5355df0adb75f3a04cf0f196135ae&X-Amz-SignedHeaders=host%3Bx-amz-expected-bucket-owner&response-expires=Wed%2C%2030%20Sep%202026%2007%3A37%3A19%20GMT
lifestyle/solaris-solar-lantern-s2	https://export-download.canva.com/x6KWs/DAHWnSx6KWs/-1/0/0038-4378016324453124040.jpg?X-Amz-Algorithm=AWS4-HMAC-SHA256&X-Amz-Credential=AKIAQYCGKMUH5AO7UJ26%2F20260929%2Fus-east-1%2Fs3%2Faws4_request&X-Amz-Date=20260929T172527Z&X-Amz-Expires=51322&X-Amz-Signature=1368d5197ab18d88503ebad0fd448aa36171e73756bbd58ede8b44d74a14bfd7&X-Amz-SignedHeaders=host%3Bx-amz-expected-bucket-owner&response-expires=Wed%2C%2030%20Sep%202026%2007%3A40%3A49%20GMT
lifestyle/forge-work-light-w40	https://export-download.canva.com/x6KWs/DAHWnSx6KWs/-1/0/0039-4378016324453124040.jpg?X-Amz-Algorithm=AWS4-HMAC-SHA256&X-Amz-Credential=AKIAQYCGKMUH5AO7UJ26%2F20260929%2Fus-east-1%2Fs3%2Faws4_request&X-Amz-Date=20260929T153847Z&X-Amz-Expires=57722&X-Amz-Signature=d1b837f769fa7d998c1200722bda89cf530fb48781840a1e4e9599ffb547717b&X-Amz-SignedHeaders=host%3Bx-amz-expected-bucket-owner&response-expires=Wed%2C%2030%20Sep%202026%2007%3A40%3A49%20GMT
lifestyle/glowline-string-lights-10m	https://export-download.canva.com/x6KWs/DAHWnSx6KWs/-1/0/0040-4378016324453124040.jpg?X-Amz-Algorithm=AWS4-HMAC-SHA256&X-Amz-Credential=AKIAQYCGKMUH5AO7UJ26%2F20260929%2Fus-east-1%2Fs3%2Faws4_request&X-Amz-Date=20260929T070322Z&X-Amz-Expires=89933&X-Amz-Signature=7855e786be56ac3b75ecc58b0af4f38211a748d407c6e971285ed419876ab89e&X-Amz-SignedHeaders=host%3Bx-amz-expected-bucket-owner&response-expires=Wed%2C%2030%20Sep%202026%2008%3A02%3A15%20GMT
lifestyle/aurora-tent-light-mini	https://export-download.canva.com/x6KWs/DAHWnSx6KWs/-1/0/0041-4378016324453124040.jpg?X-Amz-Algorithm=AWS4-HMAC-SHA256&X-Amz-Credential=AKIAQYCGKMUH5AO7UJ26%2F20260929%2Fus-east-1%2Fs3%2Faws4_request&X-Amz-Date=20260929T171924Z&X-Amz-Expires=53659&X-Amz-Signature=9b4f3880a060f964282540b2b6edc92376156b02bd40b1c9f4ff6e0dbe27a25e&X-Amz-SignedHeaders=host%3Bx-amz-expected-bucket-owner&response-expires=Wed%2C%2030%20Sep%202026%2008%3A13%3A43%20GMT
lifestyle/northbeam-edc-pocket-500	https://export-download.canva.com/x6KWs/DAHWnSx6KWs/-1/0/0042-4378016324453124040.jpg?X-Amz-Algorithm=AWS4-HMAC-SHA256&X-Amz-Credential=AKIAQYCGKMUH5AO7UJ26%2F20260929%2Fus-east-1%2Fs3%2Faws4_request&X-Amz-Date=20260929T073923Z&X-Amz-Expires=87129&X-Amz-Signature=6cff59fdc1fe2429bdc2769347f270575d593e7ec5837f7e3d1f26f20d20ec7b&X-Amz-SignedHeaders=host%3Bx-amz-expected-bucket-owner&response-expires=Wed%2C%2030%20Sep%202026%2007%3A51%3A32%20GMT
lifestyle/trailkit-run-light-r1	https://export-download.canva.com/x6KWs/DAHWnSx6KWs/-1/0/0043-4378016324453124040.jpg?X-Amz-Algorithm=AWS4-HMAC-SHA256&X-Amz-Credential=AKIAQYCGKMUH5AO7UJ26%2F20260929%2Fus-east-1%2Fs3%2Faws4_request&X-Amz-Date=20260929T171629Z&X-Amz-Expires=53038&X-Amz-Signature=4bdfeae530ce9f1d5de99d8c4e1597dd290f112b720b623a8fb711f06af1fe92&X-Amz-SignedHeaders=host%3Bx-amz-expected-bucket-owner&response-expires=Wed%2C%2030%20Sep%202026%2008%3A00%3A27%20GMT
lifestyle/forge-inspection-lamp-i2	https://export-download.canva.com/x6KWs/DAHWnSx6KWs/-1/0/0044-4378016324453124040.jpg?X-Amz-Algorithm=AWS4-HMAC-SHA256&X-Amz-Credential=AKIAQYCGKMUH5AO7UJ26%2F20260930%2Fus-east-1%2Fs3%2Faws4_request&X-Amz-Date=20260930T051550Z&X-Amz-Expires=9259&X-Amz-Signature=9193c9de56d2d016dc20e5c4ff00fdc3c5d180cef527653e52a06a0e31280631&X-Amz-SignedHeaders=host%3Bx-amz-expected-bucket-owner&response-expires=Wed%2C%2030%20Sep%202026%2007%3A50%3A09%20GMT
lifestyle/solaris-crank-emergency-e1	https://export-download.canva.com/x6KWs/DAHWnSx6KWs/-1/0/0045-4378016324453124040.jpg?X-Amz-Algorithm=AWS4-HMAC-SHA256&X-Amz-Credential=AKIAQYCGKMUH5AO7UJ26%2F20260930%2Fus-east-1%2Fs3%2Faws4_request&X-Amz-Date=20260930T030127Z&X-Amz-Expires=16716&X-Amz-Signature=63e0747911666a4f738da2702384c6fe47a6f9f0af1e45c90f548d4299a29323&X-Amz-SignedHeaders=host%3Bx-amz-expected-bucket-owner&response-expires=Wed%2C%2030%20Sep%202026%2007%3A40%3A03%20GMT
lifestyle/glowline-garden-string-20m	https://export-download.canva.com/x6KWs/DAHWnSx6KWs/-1/0/0046-4378016324453124040.jpg?X-Amz-Algorithm=AWS4-HMAC-SHA256&X-Amz-Credential=AKIAQYCGKMUH5AO7UJ26%2F20260930%2Fus-east-1%2Fs3%2Faws4_request&X-Amz-Date=20260930T051327Z&X-Amz-Expires=11390&X-Amz-Signature=6b1389d190cfaf0df07a20d9f8b752376147690ba472193bf736a8b02940b12e&X-Amz-SignedHeaders=host%3Bx-amz-expected-bucket-owner&response-expires=Wed%2C%2030%20Sep%202026%2008%3A23%3A17%20GMT
styles/01-suluboya	https://export-download.canva.com/x6KWs/DAHWnSx6KWs/-1/0/0047-4378016324453124040.jpg?X-Amz-Algorithm=AWS4-HMAC-SHA256&X-Amz-Credential=AKIAQYCGKMUH5AO7UJ26%2F20260930%2Fus-east-1%2Fs3%2Faws4_request&X-Amz-Date=20260930T044355Z&X-Amz-Expires=10133&X-Amz-Signature=f55162f2b85f14e85be5bd12bdcf90b344b1f24c6dd838c1a0d3c0d3076d7a02&X-Amz-SignedHeaders=host%3Bx-amz-expected-bucket-owner&response-expires=Wed%2C%2030%20Sep%202026%2007%3A32%3A48%20GMT
styles/02-duz-vektor	https://export-download.canva.com/x6KWs/DAHWnSx6KWs/-1/0/0048-4378016324453124040.jpg?X-Amz-Algorithm=AWS4-HMAC-SHA256&X-Amz-Credential=AKIAQYCGKMUH5AO7UJ26%2F20260930%2Fus-east-1%2Fs3%2Faws4_request&X-Amz-Date=20260930T041149Z&X-Amz-Expires=13173&X-Amz-Signature=c3c092616853de6100b4ed8cab3dbcc0f0c4bff6e341050891ee20c7b1b3cfb5&X-Amz-SignedHeaders=host%3Bx-amz-expected-bucket-owner&response-expires=Wed%2C%2030%20Sep%202026%2007%3A51%3A22%20GMT
styles/03-eski-film-70ler	https://export-download.canva.com/x6KWs/DAHWnSx6KWs/-1/0/0049-4378016324453124040.jpg?X-Amz-Algorithm=AWS4-HMAC-SHA256&X-Amz-Credential=AKIAQYCGKMUH5AO7UJ26%2F20260929%2Fus-east-1%2Fs3%2Faws4_request&X-Amz-Date=20260929T112244Z&X-Amz-Expires=74837&X-Amz-Signature=a97a434000fb26eaff238519d2233e2e8471d010ab0ecda804a35d1488a776ec&X-Amz-SignedHeaders=host%3Bx-amz-expected-bucket-owner&response-expires=Wed%2C%2030%20Sep%202026%2008%3A10%3A01%20GMT
styles/04-minimal-pastel	https://export-download.canva.com/x6KWs/DAHWnSx6KWs/-1/0/0050-4378016324453124040.jpg?X-Amz-Algorithm=AWS4-HMAC-SHA256&X-Amz-Credential=AKIAQYCGKMUH5AO7UJ26%2F20260929%2Fus-east-1%2Fs3%2Faws4_request&X-Amz-Date=20260929T140706Z&X-Amz-Expires=64276&X-Amz-Signature=7e9d672c67cd57a2796f133aae6d6cde4afb0eef329bd9dab69b82f23c520c70&X-Amz-SignedHeaders=host%3Bx-amz-expected-bucket-owner&response-expires=Wed%2C%2030%20Sep%202026%2007%3A58%3A22%20GMT
styles/05-3d-kil	https://export-download.canva.com/x6KWs/DAHWnSx6KWs/-1/0/0051-4378016324453124040.jpg?X-Amz-Algorithm=AWS4-HMAC-SHA256&X-Amz-Credential=AKIAQYCGKMUH5AO7UJ26%2F20260929%2Fus-east-1%2Fs3%2Faws4_request&X-Amz-Date=20260929T102550Z&X-Amz-Expires=77586&X-Amz-Signature=73c8c3f2b10083c9dcc2d05a187066ebe0a4c4d9dfdd1f18a4729a931ef85051&X-Amz-SignedHeaders=host%3Bx-amz-expected-bucket-owner&response-expires=Wed%2C%2030%20Sep%202026%2007%3A58%3A56%20GMT
styles/06-anime	https://export-download.canva.com/x6KWs/DAHWnSx6KWs/-1/0/0052-4378016324453124040.jpg?X-Amz-Algorithm=AWS4-HMAC-SHA256&X-Amz-Credential=AKIAQYCGKMUH5AO7UJ26%2F20260929%2Fus-east-1%2Fs3%2Faws4_request&X-Amz-Date=20260929T234320Z&X-Amz-Expires=29843&X-Amz-Signature=5e968d7a7e17824e1bed01cf4432dfaf8738477d06c44d638faf4bb7c2aed623&X-Amz-SignedHeaders=host%3Bx-amz-expected-bucket-owner&response-expires=Wed%2C%2030%20Sep%202026%2008%3A00%3A43%20GMT
styles/07-siyah-beyaz	https://export-download.canva.com/x6KWs/DAHWnSx6KWs/-1/0/0053-4378016324453124040.jpg?X-Amz-Algorithm=AWS4-HMAC-SHA256&X-Amz-Credential=AKIAQYCGKMUH5AO7UJ26%2F20260930%2Fus-east-1%2Fs3%2Faws4_request&X-Amz-Date=20260930T025434Z&X-Amz-Expires=17694&X-Amz-Signature=e760bcf1d734f9ba4210fbbf7b09793326693d25df5e017c050bba080ec27680&X-Amz-SignedHeaders=host%3Bx-amz-expected-bucket-owner&response-expires=Wed%2C%2030%20Sep%202026%2007%3A49%3A28%20GMT
styles/08-retro-poster	https://export-download.canva.com/x6KWs/DAHWnSx6KWs/-1/0/0054-4378016324453124040.jpg?X-Amz-Algorithm=AWS4-HMAC-SHA256&X-Amz-Credential=AKIAQYCGKMUH5AO7UJ26%2F20260930%2Fus-east-1%2Fs3%2Faws4_request&X-Amz-Date=20260930T001742Z&X-Amz-Expires=28383&X-Amz-Signature=6c1162a87f6fa2866dac63ccb6472e93164d393e888b33436a24736ea65acf9c&X-Amz-SignedHeaders=host%3Bx-amz-expected-bucket-owner&response-expires=Wed%2C%2030%20Sep%202026%2008%3A10%3A45%20GMT
styles/09-piksel-sanat	https://export-download.canva.com/x6KWs/DAHWnSx6KWs/-1/0/0055-4378016324453124040.jpg?X-Amz-Algorithm=AWS4-HMAC-SHA256&X-Amz-Credential=AKIAQYCGKMUH5AO7UJ26%2F20260929%2Fus-east-1%2Fs3%2Faws4_request&X-Amz-Date=20260929T122632Z&X-Amz-Expires=70534&X-Amz-Signature=2eafd8c28d78bebb3ea98bd4501f22f60772e8574be04656b1ef0d9086693a92&X-Amz-SignedHeaders=host%3Bx-amz-expected-bucket-owner&response-expires=Wed%2C%2030%20Sep%202026%2008%3A02%3A06%20GMT
styles/10-yagli-boya	https://export-download.canva.com/x6KWs/DAHWnSx6KWs/-1/0/0056-4378016324453124040.jpg?X-Amz-Algorithm=AWS4-HMAC-SHA256&X-Amz-Credential=AKIAQYCGKMUH5AO7UJ26%2F20260930%2Fus-east-1%2Fs3%2Faws4_request&X-Amz-Date=20260930T053308Z&X-Amz-Expires=7790&X-Amz-Signature=9fa8729d098bff19edea8e6c5ea66337f7becd9b6255c510217aee8871103da6&X-Amz-SignedHeaders=host%3Bx-amz-expected-bucket-owner&response-expires=Wed%2C%2030%20Sep%202026%2007%3A42%3A58%20GMT
styles/11-izometrik	https://export-download.canva.com/x6KWs/DAHWnSx6KWs/-1/0/0057-4378016324453124040.jpg?X-Amz-Algorithm=AWS4-HMAC-SHA256&X-Amz-Credential=AKIAQYCGKMUH5AO7UJ26%2F20260930%2Fus-east-1%2Fs3%2Faws4_request&X-Amz-Date=20260930T021352Z&X-Amz-Expires=18869&X-Amz-Signature=4395fa6e7a313b25c76ca829dc23d90bd0a584647ffa5bc5410ea30a7e823e27&X-Amz-SignedHeaders=host%3Bx-amz-expected-bucket-owner&response-expires=Wed%2C%2030%20Sep%202026%2007%3A28%3A21%20GMT
styles/12-kagit-kesme	https://export-download.canva.com/x6KWs/DAHWnSx6KWs/-1/0/0058-4378016324453124040.jpg?X-Amz-Algorithm=AWS4-HMAC-SHA256&X-Amz-Credential=AKIAQYCGKMUH5AO7UJ26%2F20260929%2Fus-east-1%2Fs3%2Faws4_request&X-Amz-Date=20260929T213512Z&X-Amz-Expires=35627&X-Amz-Signature=aec659e0558a2c908f6aa6026752ce8972101f35ae6a2bfdf9b20125d705349f&X-Amz-SignedHeaders=host%3Bx-amz-expected-bucket-owner&response-expires=Wed%2C%2030%20Sep%202026%2007%3A28%3A59%20GMT
places/01-magara	https://export-download.canva.com/x6KWs/DAHWnSx6KWs/-1/0/0059-4378016324453124040.jpg?X-Amz-Algorithm=AWS4-HMAC-SHA256&X-Amz-Credential=AKIAQYCGKMUH5AO7UJ26%2F20260930%2Fus-east-1%2Fs3%2Faws4_request&X-Amz-Date=20260930T031608Z&X-Amz-Expires=15980&X-Amz-Signature=13afc30946d7392b47020daa62f13a518d7127809ade429c7e9e8e64a69c2f4a&X-Amz-SignedHeaders=host%3Bx-amz-expected-bucket-owner&response-expires=Wed%2C%2030%20Sep%202026%2007%3A42%3A28%20GMT
places/02-yelkenli-tekne	https://export-download.canva.com/x6KWs/DAHWnSx6KWs/-1/0/0060-4378016324453124040.jpg?X-Amz-Algorithm=AWS4-HMAC-SHA256&X-Amz-Credential=AKIAQYCGKMUH5AO7UJ26%2F20260929%2Fus-east-1%2Fs3%2Faws4_request&X-Amz-Date=20260929T170634Z&X-Amz-Expires=53664&X-Amz-Signature=175d9046ba74eba7805812e5a82155457e8d2ea7a07d58612d4d2dbe2adeab43&X-Amz-SignedHeaders=host%3Bx-amz-expected-bucket-owner&response-expires=Wed%2C%2030%20Sep%202026%2008%3A00%3A58%20GMT
places/03-agac-ev	https://export-download.canva.com/x6KWs/DAHWnSx6KWs/-1/0/0061-4378016324453124040.jpg?X-Amz-Algorithm=AWS4-HMAC-SHA256&X-Amz-Credential=AKIAQYCGKMUH5AO7UJ26%2F20260929%2Fus-east-1%2Fs3%2Faws4_request&X-Amz-Date=20260929T154707Z&X-Amz-Expires=56296&X-Amz-Signature=060b8908efe28c57bfdde8af13b95338117035a57372f74dcbff1d9d29b808eb&X-Amz-SignedHeaders=host%3Bx-amz-expected-bucket-owner&response-expires=Wed%2C%2030%20Sep%202026%2007%3A25%3A23%20GMT
places/04-sehir-balkonu	https://export-download.canva.com/x6KWs/DAHWnSx6KWs/-1/0/0062-4378016324453124040.jpg?X-Amz-Algorithm=AWS4-HMAC-SHA256&X-Amz-Credential=AKIAQYCGKMUH5AO7UJ26%2F20260930%2Fus-east-1%2Fs3%2Faws4_request&X-Amz-Date=20260930T033713Z&X-Amz-Expires=15778&X-Amz-Signature=cc6ba31ba52a176e7df554fdda36902e4e592410650424936b1d9bcc64470ca5&X-Amz-SignedHeaders=host%3Bx-amz-expected-bucket-owner&response-expires=Wed%2C%2030%20Sep%202026%2008%3A00%3A11%20GMT
places/05-festival-kampi	https://export-download.canva.com/x6KWs/DAHWnSx6KWs/-1/0/0063-4378016324453124040.jpg?X-Amz-Algorithm=AWS4-HMAC-SHA256&X-Amz-Credential=AKIAQYCGKMUH5AO7UJ26%2F20260929%2Fus-east-1%2Fs3%2Faws4_request&X-Amz-Date=20260929T164910Z&X-Amz-Expires=55306&X-Amz-Signature=88eac02d3e3362ae3aab4156399f1da0e2d642c670a2e786baaa52f9a970e3a1&X-Amz-SignedHeaders=host%3Bx-amz-expected-bucket-owner&response-expires=Wed%2C%2030%20Sep%202026%2008%3A10%3A56%20GMT
places/06-col-kampi	https://export-download.canva.com/x6KWs/DAHWnSx6KWs/-1/0/0064-4378016324453124040.jpg?X-Amz-Algorithm=AWS4-HMAC-SHA256&X-Amz-Credential=AKIAQYCGKMUH5AO7UJ26%2F20260929%2Fus-east-1%2Fs3%2Faws4_request&X-Amz-Date=20260929T114659Z&X-Amz-Expires=72035&X-Amz-Signature=f348d7217945b331d2ffa1868fdf5242c752549977a9211740ae2a654b529268&X-Amz-SignedHeaders=host%3Bx-amz-expected-bucket-owner&response-expires=Wed%2C%2030%20Sep%202026%2007%3A47%3A34%20GMT
places/07-motosiklet-kampi	https://export-download.canva.com/x6KWs/DAHWnSx6KWs/-1/0/0065-4378016324453124040.jpg?X-Amz-Algorithm=AWS4-HMAC-SHA256&X-Amz-Credential=AKIAQYCGKMUH5AO7UJ26%2F20260929%2Fus-east-1%2Fs3%2Faws4_request&X-Amz-Date=20260929T110837Z&X-Amz-Expires=75026&X-Amz-Signature=68f288deb08b96c6b00c008f1b8c3ce6bd9fd041bddfb62ca2e5b638f23e7b95&X-Amz-SignedHeaders=host%3Bx-amz-expected-bucket-owner&response-expires=Wed%2C%2030%20Sep%202026%2007%3A59%3A03%20GMT
places/08-bisiklet-lavanta	https://export-download.canva.com/x6KWs/DAHWnSx6KWs/-1/0/0066-4378016324453124040.jpg?X-Amz-Algorithm=AWS4-HMAC-SHA256&X-Amz-Credential=AKIAQYCGKMUH5AO7UJ26%2F20260929%2Fus-east-1%2Fs3%2Faws4_request&X-Amz-Date=20260929T124048Z&X-Amz-Expires=70287&X-Amz-Signature=2fbc27594f50f004e7143fd3ee339ed5afd1f9e9531da138205eb934007060ef&X-Amz-SignedHeaders=host%3Bx-amz-expected-bucket-owner&response-expires=Wed%2C%2030%20Sep%202026%2008%3A12%3A15%20GMT
places/09-dag-evi-yagmur	https://export-download.canva.com/x6KWs/DAHWnSx6KWs/-1/0/0067-4378016324453124040.jpg?X-Amz-Algorithm=AWS4-HMAC-SHA256&X-Amz-Credential=AKIAQYCGKMUH5AO7UJ26%2F20260930%2Fus-east-1%2Fs3%2Faws4_request&X-Amz-Date=20260930T000748Z&X-Amz-Expires=26878&X-Amz-Signature=1afc9ca7cf0fe3c5659892aba79eb6a5faab934b0f183820f811d92af8ffd552&X-Amz-SignedHeaders=host%3Bx-amz-expected-bucket-owner&response-expires=Wed%2C%2030%20Sep%202026%2007%3A35%3A46%20GMT
places/10-peri-bacalari	https://export-download.canva.com/x6KWs/DAHWnSx6KWs/-1/0/0068-4378016324453124040.jpg?X-Amz-Algorithm=AWS4-HMAC-SHA256&X-Amz-Credential=AKIAQYCGKMUH5AO7UJ26%2F20260929%2Fus-east-1%2Fs3%2Faws4_request&X-Amz-Date=20260929T221512Z&X-Amz-Expires=36335&X-Amz-Signature=e34d2c767e6b82efa26c4d3765bbabc658a5731fe16f8ede5d03901d0ba6bf87&X-Amz-SignedHeaders=host%3Bx-amz-expected-bucket-owner&response-expires=Wed%2C%2030%20Sep%202026%2008%3A20%3A47%20GMT
places/11-kaya-duvari-portaledge	https://export-download.canva.com/x6KWs/DAHWnSx6KWs/-1/0/0069-4378016324453124040.jpg?X-Amz-Algorithm=AWS4-HMAC-SHA256&X-Amz-Credential=AKIAQYCGKMUH5AO7UJ26%2F20260930%2Fus-east-1%2Fs3%2Faws4_request&X-Amz-Date=20260930T022650Z&X-Amz-Expires=20549&X-Amz-Signature=ca5c287d60d94f48735298b440b9cc6bdea528d6ba3b70799003b37ea4291169&X-Amz-SignedHeaders=host%3Bx-amz-expected-bucket-owner&response-expires=Wed%2C%2030%20Sep%202026%2008%3A09%3A19%20GMT
places/12-arka-bahce	https://export-download.canva.com/x6KWs/DAHWnSx6KWs/-1/0/0070-4378016324453124040.jpg?X-Amz-Algorithm=AWS4-HMAC-SHA256&X-Amz-Credential=AKIAQYCGKMUH5AO7UJ26%2F20260929%2Fus-east-1%2Fs3%2Faws4_request&X-Amz-Date=20260929T163006Z&X-Amz-Expires=54802&X-Amz-Signature=8dcabb5eecb2919891f4878bff51645c2956e093f5fb1ef8b7a14f0a627bf26a&X-Amz-SignedHeaders=host%3Bx-amz-expected-bucket-owner&response-expires=Wed%2C%2030%20Sep%202026%2007%3A43%3A28%20GMT
